PUSTAK,author,DATE,books-eng,author-eng
हिन्दी - शब्द कल्पतरू,सं. रामनरेश त्रिपाठी,1925,Hindi - Shabd Kalpataru,Sa. Ramnaresh Tripathi
भारत के कारखाने,चतुर्भुज औदीच,1968,Bharat ke Karkhane,Chaturbhuj Audich
अनेकार्थ और नाममाला,नंददास,1913,Anekarth aur Namamala,Nanddas
अनेकार्थ और नाममाला,नंददास,1913,Anekarth aur Namamala,Nanddas
हिन्दी मराठी कोष,नारायण,1929,Hindi Marathi Kosh,Narayan
राजनीतिक शब्दावली,भगवान दास केला,1927,Rajneetik Shabdavali,Bhagwan Das Kela
लोकोक्ति कोष,विश्वम्भरनाथ खत्री,1980,Lokokti Kosh,Vishwambharnath Khatri
पद्म चन्द्र कोष,गणेशदत्त शास्त्री,1925,Padm Chandra Kosh,Ganeshdatt Shastri
भारतीय नरेश,जगदीश सिंह गहलोत,1980,Bharatiya Naresh,Jagdish Singh Gehlot
गीता सूची,सं. गीता प्रेस,1987,Geeta Suchi,Sa. Geeta Press
हिन्दी गुजराती कोष,गणेश दत शर्मा,1924,Hindi Gujarati Kosh,Ganesh Dat Sharma
श्रीधर भाषा कोष,श्रीधर त्रिपाठी,1919,Shridhar Bhasha Kosh,Shridhar Tripathi
हिन्दी शब्दार्थ पारिजात,द्वारका प्रसाद शर्मा,1823,Hindi Shabdarth Parijat,Dwaraka Prasad Sharma
हिन्दुस्तानी कोष,रामनरेश त्रिपाठी,1933,Hindustani Kosh,Ramnaresh Tripathi
मातृभूमि अब्दकोश 30,र0 वि0 धुलेकर,1930,Matribhoomi Abdkosh 30,R0 Vi0 Dhulekar
कहावत कल्पद्रुम,खेमराज कृष्णदास,1954,Kahawat Kalpadrum,Khemraj Krishnadas
हिन्दी वैज्ञानिक कोष,श्याम सुन्दर दास,1906,Hindi Vaigyanik Kosh,Shyam Sundar Das
विनय कोष,महावीर प्रसाद मालवीय,1980,Vinay Kosh,Mahavir Prasad Malviya
हिन्दी मुहावरे,रामदहिन मिश्र,------,Hindi Muhavare,Ramdahin Mishra
राज कोष,राजाराम,2000,Raj Kosh,Rajaram
शासन शब्द संग्रह,मालोजीराव शितोले,2000,Shasan Shabd Sangrah,Malojirao Shitole
लोकोक्ति संग्रह,रामरत्न,1977,Lokokti Sangrah,Ramratn
हिन्दी विश्व कोष भाग-1,नगेन्द्रनाथ बसु,1973,Hindi Vishva Kosh Bhag-1,Nagendranath Basu
हिन्दी विश्व कोष भाग-2,नगेन्द्रनाथ बसु,1973,Hindi Vishva Kosh Bhag-2,Nagendranath Basu
हिन्दी विश्व कोष भाग-3,नगेन्द्रनाथ बसु,1973,Hindi Vishva Kosh Bhag-3,Nagendranath Basu
हिन्दी विश्व कोष भाग-4,नगेन्द्रनाथ बसु,1973,Hindi Vishva Kosh Bhag-4,Nagendranath Basu
हिन्दी विश्व कोष भाग-5,नगेन्द्रनाथ बसु,1973,Hindi Vishva Kosh Bhag-5,Nagendranath Basu
हिन्दी विश्व कोष भाग-6,नगेन्द्रनाथ बसु,1973,Hindi Vishva Kosh Bhag-6,Nagendranath Basu
हिन्दी विश्व कोष भाग-7,नगेन्द्रनाथ बसु,1973,Hindi Vishva Kosh Bhag-7,Nagendranath Basu
हिन्दी विश्व कोष भाग-9,नगेन्द्रनाथ बसु,1973,Hindi Vishva Kosh Bhag-9,Nagendranath Basu
हिन्दी विश्व कोष भाग-10,नगेन्द्रनाथ बसु,1973,Hindi Vishva Kosh Bhag-10,Nagendranath Basu
हिन्दी विश्व कोष भाग-11,नगेन्द्रनाथ बसु,1973,Hindi Vishva Kosh Bhag-11,Nagendranath Basu
हिन्दी विश्व कोष भाग-12,नगेन्द्रनाथ बसु,1973,Hindi Vishva Kosh Bhag-12,Nagendranath Basu
हिन्दी विश्व कोष भाग-13,नगेन्द्रनाथ बसु,1973,Hindi Vishva Kosh Bhag-13,Nagendranath Basu
हिन्दी विश्व कोष भाग-14,नगेन्द्रनाथ बसु,1973,Hindi Vishva Kosh Bhag-14,Nagendranath Basu
हिन्दी विश्व कोष भाग-15,नगेन्द्रनाथ बसु,1973,Hindi Vishva Kosh Bhag-15,Nagendranath Basu
हिन्दी विश्व कोष भाग-16,नगेन्द्रनाथ बसु,1973,Hindi Vishva Kosh Bhag-16,Nagendranath Basu
हिन्दी विश्व कोष भाग-17,नगेन्द्रनाथ बसु,1973,Hindi Vishva Kosh Bhag-17,Nagendranath Basu
हिन्दी विश्व कोष भाग-18,नगेन्द्रनाथ बसु,1973,Hindi Vishva Kosh Bhag-18,Nagendranath Basu
हिन्दी विश्व कोष भाग-20,नगेन्द्रनाथ बसु,1973,Hindi Vishva Kosh Bhag-20,Nagendranath Basu
हिन्दी विश्व कोष भाग-21,नगेन्द्रनाथ बसु,1973,Hindi Vishva Kosh Bhag-21,Nagendranath Basu
हिन्दी विश्व कोष भाग-22,नगेन्द्रनाथ बसु,1973,Hindi Vishva Kosh Bhag-22,Nagendranath Basu
हिन्दी विश्व कोष भाग-23,नगेन्द्रनाथ बसु,1973,Hindi Vishva Kosh Bhag-23,Nagendranath Basu
हिन्दी विश्व कोष भाग-25,नगेन्द्रनाथ बसु,1973,Hindi Vishva Kosh Bhag-25,Nagendranath Basu
औषधि कोष,रूपलाल वैश्य,1934,Aushdhi Kosh,Rupalal Vaishya
हिन्दी मुहावरे,ब्रह्मस्वरूप शर्मा,1938,Hindi Muhavare,Brahmaswaroop Sharma
हिन्दी शब्द सागर भाग-1,श्यामसुन्दर दास,1923,Hindi Shabd Sagar Bhag-1,Shyamsundar Das
हिन्दी शब्द सागर भाग-4,श्यामसुन्दर दास,1916,Hindi Shabd Sagar Bhag-4,Shyamsundar Das
हिन्दी शब्द सागर भाग-5,श्यामसुन्दर दास,1916,Hindi Shabd Sagar Bhag-5,Shyamsundar Das
हिन्दी शब्द सागर भाग-6,श्यामसुन्दर दास,1923,Hindi Shabd Sagar Bhag-6,Shyamsundar Das
हिन्दी शब्द सागर भाग-7,श्यामसुन्दर दास,1923,Hindi Shabd Sagar Bhag-7,Shyamsundar Das
हिन्दी शब्द सागर भाग-8,श्यामसुन्दर दास,1923,Hindi Shabd Sagar Bhag-8,Shyamsundar Das
हिन्दी शब्द संग्रह,श्रीवास्तव व सहाय,1987,Hindi Shabd Sangrah,Shrivastav va Sahay
हिन्दी पर्यायवायी कोष,श्रीकृष्ण शुक्ल,1992,Hindi Paryayvayi Kosh,Shrikrishna Shukla
पाइअ-सद्य-महण्णवो -2,हरगोविन्द सिंह,1924,Paia-Sadya-Mahannavo -2,Hargovind Singh
पाइअ-सद्य-महण्णवो -3,हरगोविन्द सिंह,1925,Paia-Sadya-Mahannavo -3,Hargovind Singh
पाइअ-सद्य-महण्णवो -4,हरगोविन्द सिंह,1928,Paia-Sadya-Mahannavo -4,Hargovind Singh
अद्वैतामृतम,रामचन्द्र,1978,Advaitamritam,Ramchandra
माता,अरविन्द,1988,Mata,Arvind
आत्म विद्या,माधव राव सप्रे,-----,Atma Vidya,Madhav Rao Sapre
चन्द्रकान्त 1,इच्छा राम देसाई,1928,Chandrakant 1,Ichha Ram Desai
चन्द्रकान्त 2,इच्छा राम देसाई,1927,Chandrakant 2,Ichha Ram Desai
चन्द्रकान्त 3,इच्छा राम देसाई,1938,Chandrakant 3,Ichha Ram Desai
मुक्ति मार्ग,जेम्स एलच,1915,Mukti Marg,James Elch
भगवान क्या है,जय दयाल गोयनका,----,Bhagwan Kya Hai,Jay Dayal Goenka
वैज्ञानिक अद्वैतवाद,रामदास गौड़,1977,Vaigyanik Advaitavad,Ramdas Gaur
राजयोग,रामचारक,1988,Rajyog,Ramcharak
राजयोग,रामचारक,1988,Rajyog,Ramcharak
संक्षिप्त कर्मयोग,गोपाल,1929,Sankshipt Karmyog,Gopal
आध्यात्मिकी,महावीर प्रसाद द्विवेदी,1927,Adhyatmiki,Mahavir Prasad Dwivedi
कर्मयोग,अश्विनी कुमार दत्त,1980,Karmyog,Ashwini Kumar Dutt
कर्मयोग और जन्मांतर,हीरेन्द्र नाथदत्त,1986,Karmyog aur Janmantar,Heerendranath Dutt
तत्व चिंतामणि का-2,जयदयाल गोयनका,1990,Tatva Chintamani ka-2,Jaydayal Goenka
भक्तियोग,अश्विनी कुमार दत्त,1978,Bhaktiyog,Ashwini Kumar Dutt
ब्रह्मदर्शन,जानकी नाथ,1925,Brahmadarshan,Janki Nath
मन की कुंजी,शाह महाराज,----,Man Ki Kunji,Shah Maharaj
सत् विचार,भीम सैन रामा मित्र,1981,Sat Vichar,Bhim Sen Rama Mitra
सत् विचार,भीम सैन रामा मित्र,1981,Sat Vichar,Bhim Sen Rama Mitra
विश्व प्रपंच भाग-2,रामचन्द्र शुक्ल,1978,Vishva Prapanch Bhag-2,Ramchandra Shukla
आनन्द मार्ग,सरजू प्रसाद वाजपेयी,1958,Anand Marg,Sarju Prasad Vajpayee
राजयोग,स्वामी विवेकानंद,----,Rajyog,Swami Vivekanand
आध्यात्मिक शिक्षावली-1,स्वामी शिवानंद सर0,1941,Adhyatmik Shikshavali-1,Swami Shivanand Sar0
रामतीर्थ ग्रंथावली 1,स्वामी रामतीर्थ,1919,Ramteerth Granthavali 1,Swami Ramteerth
"रामतीर्थ ग्रंथावली भाग- 7,8",स्वामी रामतीर्थ,1921,"Ramteerth Granthavali Bhag- 7,8",Swami Ramteerth
रामतीर्थ ग्रंथावली भाग- 11,स्वामी रामतीर्थ,1921,Ramteerth Granthavali Bhag- 11,Swami Ramteerth
रामतीर्थ ग्रंथावली भाग-12,स्वामी रामतीर्थ,1921,Ramteerth Granthavali Bhag-12,Swami Ramteerth
रामतीर्थ ग्रंथावली भाग-13,स्वामी रामतीर्थ,1922,Ramteerth Granthavali Bhag-13,Swami Ramteerth
रामतीर्थ ग्रंथावली भाग-14,स्वामी रामतीर्थ,1922,Ramteerth Granthavali Bhag-14,Swami Ramteerth
रामतीर्थ ग्रंथावली भाग-15,स्वामी रामतीर्थ,1922,Ramteerth Granthavali Bhag-15,Swami Ramteerth
रामतीर्थ ग्रंथावली भाग-16,स्वामी रामतीर्थ,1922,Ramtirth Granthavali Bhag-16,Swami Ramteerth
रामतीर्थ ग्रंथावली भाग- 17;18,स्वामी रामतीर्थ,1922,Ramtirth Granthavali Bhag-17;18,Swami Ramteerth
रामतीर्थ ग्रंथावली भाग-21,स्वामी रामतीर्थ,1922,Ramtirth Granthavali Bhag-21,Swami Ramteerth
रामतीर्थ ग्रंथावली भाग-25,स्वामी रामतीर्थ,1924,Ramtirth Granthavali Bhag-25,Swami Ramteerth
रामतीर्थ ग्रंथावली भाग-26,स्वामी रामतीर्थ,1924,Ramtirth Granthavali Bhag-26,Swami Ramteerth
रामतीर्थ ग्रंथावली भाग-27,स्वामी रामतीर्थ,1924,Ramtirth Granthavali Bhag-27,Swami Ramteerth
रामतीर्थ ग्रंथावली भाग-28,स्वामी रामतीर्थ,1924,Ramtirth Granthavali Bhag-28,Swami Ramteerth
वृति प्रभाकर,कृष्णदास खेमराज,----,Vriti Prabhakar,Krishnadas Khemraj
श्री विचार सार,निश्चल दास,1974,Shri Vichar Saar,Nischal Das
वेदान्त स्तोत्र संग्रह,स्वामी परमानन्द,1912,Vedant Stotra Sangrah,Swami Parmanand
सद् गुरू रहस्य,कोशलेन्द्र प्रताप,1982,Sad Guru Rahasya,Koshalendra Pratap
आत्मोपदेश,नरेन्द्र नारायण,1980,Atmopdesh,Narendra Narayan
आत्मोपदेश,नरेन्द्र नारायण,1980,Atmopdesh,Narendra Narayan
आत्मोपदेश,नरेन्द्र नारायण,1980,Atmopdesh,Narendra Narayan
अष्टावक्र गीता,जालिम सिंह,1935,Ashtavakra Gita,Jalim Singh
विवेक चूड़ामणि,म. शंकराचार्य,1988,Vivek Chudamani,M. Shankaracharya
विवेक चूड़ामणि,म. शंकराचार्य,1907,Vivek Chudamani,M. Shankaracharya
प्रश्न उपनिषद,राजाराम,1971,Prashn Upanishad,Rajaram
वृहदारण्यक उपनिषद,राजाराम,1970,Brihadaranyak Upanishad,Rajaram
मुण्डक उपनिषद,राजाराम,1971,Mundak Upanishad,Rajaram
अवतार मीमांसा,अम्बिका दत्त व्यास,1956,Avatar Mimansa,Ambika Dutt Vyas
कठोषनिषद,भीमसेन शर्मा,1917,Kathopanishad,Bhimsen Sharma
गीता संग्रह,भीमसेन शर्मा,1911,Gita Sangrah,Bhimsen Sharma
एतरेय उपनिषद,राजाराम,1974,Aitareya Upanishad,Rajaram
वैत्तरीय उपनिषद्,राजाराम,1915,Taittiriya Upanishad,Rajaram
वेदान्त रहस्य,हीरेन्द्र नाथ दत्त,1994,Vedant Rahasya,Heerendranath Dutt
प्रवचन सार टीका,शीलत प्रसाद जी,1923,Pravachan Saar Tika,Shilat Prasad Ji
अध्यात्म भागवत संग्रह,नित्यानन्द पाण्डेय,----,Adhyatma Bhagwat Sangrah,Nityanand Pandey
आत्मबोध,शंकराचार्य,1980,Atmabodh,Shankaracharya
शांतिदायी विचार,शिवकुमार शास्त्री,----,Shantidayi Vichar,Shivkumar Shastri
मोक्ष मार्ग,जेम्स एलेन,2006,Moksh Marg,James Allen
सफलता,शिवनारायण,1922,Safalta,Shivnarayan
सफलता की कुंजी,रामकृष्ण परमहंस,1918,Safalta Ki Kunji,Ramkrishna Paramhans
अपने हितैषी बनो,दयाचंद गोयलीय,1919,Apne Hitaisi Bano,Dayachand Goyliya
सुख सफलता के मूल सि.,जेम्स एलेन,1918,Sukh Safalta Ke Mool Si.,James Allen
आत्म संयम,जगपति चतुर्वेदी,1940,Atma Sanyam,Jagpati Chaturvedi
कर्मक्षेत्र,शशिभूषण सेन,1917,Karmakshetra,Shashibhushan Sen
मेरे अंत समय के विचार,परमानंद,----,Mere Ant Samay Ke Vichar,Parmanand
तत्व चिंतामणि भा0 4,जयदयाल गोयन्दका,2007,Tattva Chintamani Bha0 4,Jaydayal Goyandka
तत्व चिंतामणि भा -5,जयदयाल गोयन्दका,2007,Tattva Chintamani Bha-5,Jaydayal Goyandka
तत्व चिंतामणि भा0-6,जयदयाल गोयन्दका,2007,Tattva Chintamani Bha0-6,Jaydayal Goyandka
तत्व चिंतामणि भा0-7,जयदयाल गोयन्दका,2007,Tattva Chintamani Bha0-7,Jaydayal Goyandka
तत्व चिंतामणि भा0-8,जयदयाल गोयन्दका,2007,Tattva Chintamani Bha0-8,Jaydayal Goyandka
सद्दर्शन :,हरिशंकर उपाध्याय,1911,Saddarshan :,Harishankar Upadhyay
तत्व दर्शन,आत्मानन्द स्वामी,1978,Tattva Darshan,Atmanand Swami
जीवात्मा,गंगा प्रसाद उपाध्याय,1933,Jivatma,Ganga Prasad Upadhyay
दर्शन का प्रयोजन,भगवान दास,1940,Darshan ka Prayojan,Bhagwan Das
दर्शन परिचय,रामगोविन्द त्रिवेदी,1980,Darshan Parichay,Ramgovind Trivedi
यूरोपीय दर्शन,रामवतार शर्मा,1980,European Darshan,Ramavatar Sharma
भारतीय दर्शन शास्त्र,राधाकृष्ण मिश्र,1976,Bharatiya Darshan Shastra,Radhakrishna Mishra
भारतीय दर्शन शास्त्र,राधाकृष्ण मिश्र,1976,Bharatiya Darshan Shastra,Radhakrishna Mishra
भारतीय दर्शन शास्त्र,राधाकृष्ण मिश्र,1976,Bharatiya Darshan Shastra,Radhakrishna Mishra
आर्य दर्शन,राजाराम,1918,Arya Darshan,Rajaram
नवदर्शन संग्रह,राजाराम,1999,Navdarshan Sangrah,Rajaram
बौद्ध दर्शन,राहुल सांकृत्यायन,1944,Bauddh Darshan,Rahul Sankrityayan
मार्क्स का दर्शन,भूपेन्द्रनाथ सान्याल,1945,Marx ka Darshan,Bhupendranath Sanyal
ईश्वर दर्शनम्,स्वामी ब्रह्मानंद,1980,Ishwar Darshanam,Swami Brahmanand
यूरोप में बुद्धि स्वातंत्र्य,एस भंडारी,----,Europe mein Buddhi Swatantrya,S Bhandari
प्रपंच परिचय,विश्वेश्वर सेन,1930,Prapanch Parichay,Vishweshwar Sen
दर्शन दिग्दर्शन,राहुल सांकृत्यायन,1947,Darshan Digdarshan,Rahul Sankrityayan
विचार दर्शन,काली प्रसन्न घोष,1980,Vichar Darshan,Kali Prasanna Ghosh
प्राच्य दर्शन समीक्षा,साधुशांति नाथ,----,Prachya Darshan Sameeksha,Sadhu Shanti Nath
योग दर्शनम,प्रभुदयाल,----,Yoga Darshanam,Prabhudayal
तर्क शास्त्र भाग-2,गुलाब राय,1984,Tark Shastra Bhag-2,Gulab Rai
तर्क शास्त्र भाग-3,गुलाब राय,1919,Tark Shastra Bhag-3,Gulab Rai
अरविन्द की गीता,अनिल वरन राय,----,Arvind ki Gita,Anil Varan Rai
भगवद्गीता का सूक्ष्म विषय,------------,----,Bhagavadgita ka Sukshm Vishay,------------
श्रीमद्भागवद् गीता,------------,1991,Shrimadbhagvad Gita,------------
गीता रहस्य सांख्य योग,जयदयाल गोयनका,1985,Gita Rahasya Sankhya Yoga,Jaydayal Goenka
गीता निबंधावली,जयदयाल गोयनका,1988,Gita Nibandhavali,Jaydayal Goenka
गीता हृदय,साने गुरुजी,1944,Gita Hriday,Sane Guruji
गीता की भूमिका,अरविन्द घोष,1979,Gita ki Bhumika,Arvind Ghosh
श्रीमद्भागवत गीता,------------,1985,Shrimadbhagvat Gita,------------
श्रीमद्भागवद्गीता सरल भाषा,स्वामी किशोरी दास,----,Shrimadbhagvadgita Saral Bhasha,Swami Kishori Das
श्रीमद्भागवद् गीता,स्वामी किशोरी दास,1982,Shrimadbhagvad Gita,Swami Kishori Das
श्रीमद्भागवद् गीता,स्वामी किशोरी दास,1971,Shrimadbhagvad Gita,Swami Kishori Das
दैवी संपद,रामगोपाल मेहता,1932,Daivi Sampad,Ramgopal Mehta
गीता दर्शन,कन्नोमल,1983,Gita Darshan,Kannomal
गीता प्रवचन,आचार्य बिनोवा भावे,1948,Gita Pravachan,Acharya Binova Bhave
गीता में भक्ति योग,वियोगी हरि,1987,Gita mein Bhakti Yoga,Viyogi Hari
गीता में ईश्वरवाद,हीरेन्द्रनाथ दत्त,1919,Gita mein Ishwarvad,Heerendranath Dutt
बाल गीता,रामजी लाल शर्मा,1921,Baal Gita,Ramji Lal Sharma
श्रीमद्भागवद् गीता,ईश्वरी प्रसाद जी शर्मा,1984,Shrimadbhagvad Gita,Ishwari Prasad Ji Sharma
मोक्ष गीता,स्वामी ब्रह्मानन्द,1979,Moksh Gita,Swami Brahmanand
गीता चन्द्रिका भाग-1,स्वामी दयानन्द,1926,Gita Chandrika Bhag-1,Swami Dayanand
गीता चन्द्रिका भाग-2,स्वामी दयानन्द,1927,Gita Chandrika Bhag-2,Swami Dayanand
श्रीमद्भागवद् गीता भाषा,गीता प्रेस,1987,Shrimadbhagvad Gita Bhasha,Gita Press
रणभूमि में उपदेश,रामभरोस राय,1978,Ranbhoomi mein Updesh,Rambharos Rai
एकादश स्कन्ध,मुनिलाल,1989,Ekadash Skandh,Munilal
श्रीमद्भागवद् गीता,तुलसीदास,1976,Shrimadbhagvad Gita,Tulsidas
श्रीकृष्ण उपदेश,जगदीश नारायण तिवारी,1981,Shri Krishna Updesh,Jagdish Narayan Tiwari
गीता का पद्यानुवाद,वासुदेव कवि,1981,Gita ka Padyanuvad,Vasudev Kavi
श्री कृष्ण विज्ञान,पुरोहित रामप्रताप,1921,Shri Krishna Vigyan,Purohit Rampratap
श्रीकृष्ण चरित्र,बंकिमचन्द्र चट्टोपाध्याय,1981,Shri Krishna Charitra,Bankimchandra Chattopadhyay
गीता प्रवचन,आचार्य विनोबा भावे,1947,Gita Pravachan,Acharya Vinoba Bhave
हिन्दी गीता भाष्य भूमिका 2,मोतीलाल शर्मा,1998,Hindi Gita Bhashya Bhumika 2,Motilal Sharma
हिन्दी गीता भाष्य भूमिका 1,मोतीलाल शर्मा,1998,Hindi Gita Bhashya Bhumika 1,Motilal Sharma
श्रीमद्भागवद् गीता 1,------------,1983,Shrimadbhagvad Gita 1,------------
श्रीमद्भागवद् गीता 2,------------,1983,Shrimadbhagvad Gita 2,------------
श्रीमद्भागवद् गीता 3,------------,1983,Shrimadbhagvad Gita 3,------------
श्रीमद्भागवद् गीता 4,------------,1983,Shrimadbhagvad Gita 4,------------
ब्रह्मण की गौ,देवशर्मा अभय,1986,Brahman ki Gau,Devsharma Abhay
आस्तिकवाद,गंगा प्रसाद उपाध्याय,1983,Aastikvad,Ganga Prasad Upadhyay
कर्म,लक्ष्मी नारायण अवस्थी,1920,Karm,Laxmi Narayan Awasthi
कर्म,लक्ष्मी नारायण अवस्थी,1920,Karm,Laxmi Narayan Awasthi
भागवान की लीला,अरविन्द घोष,1979,Bhagwan ki Leela,Arvind Ghosh
तत्व विचार,ज्वाला प्रासद,1992,Tatva Vichar,Jwala Prasad
माता की कृपा,श्री कुमार चिदानंद,1986,Mata ki Kripa,Shri Kumar Chidanand
स्वर्ग की सीढ़ी,महावीर प्रसाद गहमरी,1979,Swarg ki Seedhi,Mahavir Prasad Gahmari
ईश्वरीय बोध,रामकष्ण परमहंस,1918,Ishwariya Bodh,Ramkrishna Paramhans
सच्चा सुख,जयदयाल गोयनदका,1984,Sachcha Sukh,Jaydayal Goendka
सदुपदेश,रामकृष्ण परमहंस,1918,Sadupdesh,Ramkrishna Paramhans
स्वर्ग सोपान,दुर्गा प्रसाद त्रिपाठी,----,Swarg Sopan,Durga Prasad Tripathi
जीवन मुक्ति,मोतीलाल चेतनदास,1919,Jeevan Mukti,Motilal Chetandas
जीवन के आनन्द,गणपत दुबे,1922,Jeevan ke Anand,Ganpat Dubey
अरविंद मंदिर में,अरविंद,1980,Aurobindo Mandir mein,Arvind
शान्ति और आनन्द का मार्ग,स्वामी परमानन्द,1921,Shanti aur Anand ka Marg,Swami Parmanand
जीवन और मृत्यु,स्वामी परमानन्द,1920,Jeevan aur Mrityu,Swami Parmanand
ईश्वरावतार,दुर्गादत्त,1966,Ishwaravatar,Durgadatt
पुनर्जन्म,लेखराम,1928,Punarjanm,Lekhram
विचार चन्द्रोदय,पीताम्बर,1975,Vichar Chandroday,Peetambar
वचन संत संग्रह,------------,1908,Vachan Sant Sangrah,------------
जेम्स एलेन के विचार,इन्द्र ब्रह्मचारी,1931,James Allen ke Vichar,Indra Brahmachari
विनोबा और उनके विचार,बियोगी हरि,1940,Vinoba aur Unke Vichar,Byogi Hari
गुलामी से उद्धार,टालस्टॉस,1922,Gulami se Uddhar,Tolstoy
जीवन मरण रहस्य,प्रसिद्ध नारायण सिंह,1923,Jeevan Maran Rahasya,Prasiddh Narayan Singh
योग-त्रयी,प्रसिद्ध नारायण सिंह,1920,Yoga-Trayi,Prasiddh Narayan Singh
भक्ति,स्वामी विवेकानन्द,1980,Bhakti,Swami Vivekanand
राम कृष्ण वाक्य सुधा,शंकर नरहर जोशी,1915,Ram Krishna Vakyasudha,Shankar Narhar Joshi
साम्यवाद,स्वामी सच्चिदानंद,----,Samvad,Swami Sachchidanand
सत्य उपदेश माला,स्वामी सत्यानंद,1921,Satya Updesh Mala,Swami Satyanand
सत्य प्रतिष्ठा,नलिनी मोहन सान्याल,1980,Satya Pratishtha,Nalini Mohan Sanyal
उपनिषदों का रहस्य,नारायण स्वामी,1983,Upanishadon ka Rahasya,Narayan Swami
रामकृष्ण वाक्य सुधा,शंकर नरहर जोशी,1915,Ramakrishna Vakyasudha,Shankar Narhar Joshi
खेतड़ी नरेश और विवेकानन्द,झाबरमल शर्मा,1984,Khetari Naresh aur Vivekanand,Jhabarmal Sharma
निशीध चिन्ता,रामेश्वर प्रसाद शर्मा,1916,Nishidh Chinta,Rameshwar Prasad Sharma
पुनर्जन्म,भीम सेन शर्मा,1914,Punarjanm,Bhim Sen Sharma
विवेकानन्द ग्रंथावली,स्वामी विवेकानन्द,----,Vivekanand Granthavali,Swami Vivekanand
पुनर्जन्म,नन्द किशोर विद्यालंकार,----,Punarjanm,Nand Kishore Vidyalankar
सुख की प्राप्ति का मार्ग,जेम्स एलेन,1917,Sukh ki Prapti ka Marg,James Allen
छात्र मित्र,विद्याधर शास्त्री,1925,Chhatra Mitra,Vidyadhar Shastri
तन मन और परिस्थति का नेता,जेम्स एलेन,1918,Tan Man aur Paristhiti ka Neta,James Allen
पवित्र जीवन,मुंशी लाल,1921,Pavitra Jeevan,Munshi Lal
उन्नति का मार्ग,जेम्स एलेन,1940,Unnati ka Marg,James Allen
आत्म निर्माण,चन्द्रशेखर शास्त्री,1936,Aatm Nirmaan,Chandrashekhar Shastri
धर्म समाज और विज्ञान,शचीन्द्रनाथ सान्याल,1939,"Dharma, Samaj aur Vigyan",Shachindranath Sanyal
वेदार्थ करने की विधि,शचीन्द्रनाथ सान्याल,----,Vedarth Karne ki Vidhi,Shachindranath Sanyal
वेद शिक्षक,राजाराम,1927,Ved Shikshak,Rajaram
गऊवाणी,ऋषभचरण जैन,----,Gauvani,Rishabhcharan Jain
जगद् गुरु दयानन्द,मेहता जैमिनी,1924,Jagadguru Dayanand,Mehta Jaimini
दर्शनानन्द ग्रंथमाला-1,स्वामी दर्शनानंद,1927,Darshanand Granthmala-1,Swami Darshananand
दर्शनानन्द ग्रंथमाला-1,स्वामी दर्शनानंद,1927,Darshanand Granthmala-1,Swami Darshananand
दर्शनानन्द ग्रंथमाला-2,स्वामी दर्शनानंद,1927,Darshanand Granthmala-2,Swami Darshananand
गांधी वाणी,रामनाथ सुमन,1947,Gandhi Vani,Ramnath Suman
अमृत वर्षा,नारायण स्वमी,1931,Amrit Varsha,Narayan Swami
द्वन्द्वात्मक और ऐतिहासिक मो0,स्तालिन,----,Dwandwatmak aur Aitihasik Mo0,Stalin
शास्त्रवाद बनाम बुद्धिवाद,डॉ. भगवानदास,1945,Shastravad बनाम Buddhivad,Dr. Bhagwandas
सच्चा सुख उसकी प्राप्ति के उपाय,जयदयाल गोयनका,1984,Sachcha Sukh uski Prapti ke Upay,Jaydayal Goenka
सरस्वती चन्द्र भाग-1,गिरिधर शर्मा,----,Saraswati Chandra Bhag-1,Giridhar Sharma
वैराग्य के पथ पर,शिवानंद सरस्वती,1938,Vairagya ke Path Par,Shivanand Saraswati
मन की अद्भूत शक्ति,लिली एल एलेन,1926,Man ki Adbhut Shakti,Lily L Allen
प्राकृति विज्ञान,दुर्गा प्रसाद खत्री,----,Prakriti Vigyan,Durga Prasad Khatri
दैनिक जीवन और मनोविज्ञान,इलाचंद जोशी,----,Dainik Jeevan aur Manovigyan,Ilachand Joshi
जीवन विज्ञान,बलदेव प्रसाद मिश्र,1928,Jeevan Vigyan,Baldev Prasad Mishra
इच्छा शक्ति के चमत्कार,बुद्धि सागर वर्मा,1989,Ichha Shakti ke Chamatkar,Budhi Sagar Verma
मन के भेद,राजराम शास्त्री,1940,Man ke Bhed,Rajaram Shastri
नवीन मनोविज्ञान,लालजी राम शुक्ल,1950,Naveen Manovigyan,Lalji Ram Shukla
मनोविज्ञान,चन्द्रमौलि शुक्ल,1981,Manovigyan,Chandramouli Shukla
मनोविज्ञान,चन्द्रमौलि शुक्ल,1981,Manovigyan,Chandramouli Shukla
योग की कुछ विभूतियां,प्रसिद्ध नारायण सिंह,1922,Yoga ki Kuch Vibhutiyan,Prasiddh Narayan Singh
बोध सार,रामवतार विद्याभास्कार,1989,Bodh Saar,Ramavatar Vidyabhaskar
योग शास्त्रान्तर्गत धर्म,प्रसिद्ध नारायण सिंह,1920,Yoga Shastrantargat Dharma,Prasiddh Narayan Singh
साधन पथ,हनुमान प्रसाद पोद्दार,1986,Sadhan Path,Hanuman Prasad Poddar
प्रेत लोक,रामनारायण पाठक,1926,Pret Lok,Ramnarayan Pathak
दिन चर्या,भूपेन्द्र सान्याल,1990,Din Charya,Bhupendra Sanyal
दिव्य जीवन,स्वेट मार्डेन,1948,Divya Jeevan,Swet Marden
ब्रह्मयोग विद्या,ब्रज मोहन लाल वर्मा,1917,Brahmayog Vidya,Braj Mohan Lal Verma
सूर्य के दिन व्यायाम,सातवेलकर,1924,Surya ke Din Vyayam,Satvelkar
प्राणायम,योगी राम चारक,----,Pranayam,Yogi Ram Charak
मन को वश में करने के उपाय,------------,1983,Man ko Vash Mein Karne ke Upay,------------
वैदिक प्राण विधा,सातवलेकर,1921,Vaidik Pran Vidha,Satvalekar
मन और उसका निग्रह,शिवानद सरस्वती,1945,Man aur Uska Nigrah,Shivanad Saraswati
स्वर्ग की सड़क,महावीर प्रसाद गहमरी,1916,Swarg ki Sadak,Mahavir Prasad Gahmari
शुक्र नीति,मच्छुक्राचार्य,1982,Shukra Niti,Machhuchracyarya
सदुपदेश संग्रह,देवी प्रसाद मुसिंफ,1982,Sadupdesh Sangrah,Devi Prasad Musinf
नीति दर्शन भाग 2,राधा मोहन गोकुलजी,1970,Niti Darshan Bhag 2,Radha Mohan Gokulji
नीति दर्शन भाग 2,राधा मोहन गोकुलजी,1970,Niti Darshan Bhag 2,Radha Mohan Gokulji
हितोपदेश,रामेश्वर दत्त,----,Hitopadesh,Rameshwar Datt
सदाचार और नीति,लक्ष्मीधर वाजपेयी,1983,Sadachar aur Niti,Lakshmidhar Vajpeyi
सदाचार और नीति,लक्ष्मीधर वाजपेयी,1983,Sadachar aur Niti,Lakshmidhar Vajpeyi
सदाचार सोपान,रामवृक्ष राय शर्मा,----,Sadachar Sopan,Ramvriksh Rai Sharma
जीवन के महत्वपूर्ण प्रश्नों पर प्रकाश,जेम्स एलेन,1974,Jeevan ke Mahatvapurn Prashnon Par Prakash,James Allen
हमारे अधिकार और कर्तव्य,कृष्ण चंद्र विद्यालंकार,1946,Hamare Adhikar aur Kartavya,Krishna Chandra Vidyalankar
मैत्री धर्म,गुलाब राय,----,Maitri Dharma,Gulab Rai
पिता के उपदेश,दयाचन्द गोयलीय,1917,Pita ke Updesh,Dayachand Goilya
जीवन व्यवहार,ठाकुर लाल सिंह,1916,Jeevan Vyavahar,Thakur Lal Singh
नीति रत्नमाला,चन्द्रशेखर शर्मा,1976,Niti Ratnamala,Chandrashekhar Sharma
अपना सुधार,जान स्टुअर्ट,1989,Apna Sudhar,Jan Stuart
स्वर्ग का खजाना,आमृत लाल,1986,Swarg ka Khazana,Amrit Lal
आर्थिक सफलता,एडवर्ड विल्स,1917,Aarthik Safalta,Edward Wills
सर्वोदय,महात्मा गोंधी,1919,Sarvodaya,Mahatma Gandhi
सफलता और उसकी साधना,रामचन्द्र वर्मा,1915,Safalta aur Uski Sadhana,Ramchandra Verma
सुखमार्ग,महेन्द्रलाल गर्ग,1913,Sukhmarg,Mahendralal Garg
अंग्रेजी सभ्यता,सूर्यनारायण सिंह,1903,Angreji Sabhyata,Suryanarayan Singh
धम्मपद,गंगा प्रसाद उपाध्याय,1932,Dhammapad,Ganga Prasad Upadhyay
धम्मपद,गंगा प्रसाद उपाध्याय,1932,Dhammapad,Ganga Prasad Upadhyay
बुद्धगीता,सत्यदेव परिब्राजक,----,Buddhagita,Satyadev Paribrajak
मज्जिम निकाय,राहुल सांकृत्यायन,1933,Majjhim Nikay,Rahul Sankrityayan
विनय पिटक,राहुल सांकृत्यायन,1935,Vinay Pitak,Rahul Sankrityayan
धम्मपद,राहुल सांकृत्यायन,1919,Dhammapad,Rahul Sankrityayan
जातक कथा माला-1,रामचन्द्र वर्मा,1981,Jatak Katha Mala-1,Ramchandra Verma
जातक कथा माला-1,रामचन्द्र वर्मा,1981,Jatak Katha Mala-1,Ramchandra Verma
बुद्ध और बौध धर्म,चतुरसेन शास्त्री,1940,Buddh aur Baudh Dharma,Chatursen Shastri
बुद्ध और बौध धर्म,चतुरसेन शास्त्री,1940,Buddh aur Baudh Dharma,Chatursen Shastri
धम्मपद,रामचन्द्र सर्वटे,1919,Dhammapad,Ramchandra Sarvate
श्रीचतुर्विशतिजिन पूजा विधान,कवि रामचन्द्र,2454,Shri Chaturvishatijin Pooja Vidhan,Kavi Ramchandra
भक्तामर-कथा,रायमल्ल,1917,Bhaktamar-Katha,Raymall
शान्तिनाथ चरित्र,------------,2439,Shantinath Charitra,------------
जिनवाणी संग्रह,सतीशचन्द्र जैन,2454,Jinvani Sangrah,Satishchandra Jain
दादा श्री जिनकुशल सूरि,नाहटा,1996,Dada Shri Jinkushal Suri,Nahata
शांतिनाथ चरित्र,काशीनाथ जैन,1924,Shantinath Charitra,Kashinath Jain
नवपदार्थ ज्ञान सार,------------,1937,Navpadarth Gyan Saar,------------
जैन लेख संग्रह का-1,पूरनचंद नाहर,1918,Jain Lekh Sangrah ka-1,Puranchand Nahar
जैन लेख संग्रह का-2,पूरनचंद नाहर,1927,Jain Lekh Sangrah ka-2,Puranchand Nahar
जैन लेख संग्रह जैसलमेर,परनचंद नाहर,1929,Jain Lekh Sangrah Jaisalmer,Paranchand Nahar